"ac", true, -1, -1, 1, 31, -1, -1, -1, -1, -1, -1, -1, -1, -1, -1, -1, -1, -1, -1, -1, -1, -1, -1, -1, -1, -1, -1, -1, -1, "", "", "", ""
"ac-miss", true, -1, -1, 1, 32, -1, -1, -1, -1, -1, -1, -1, -1, -1, -1, -1, -1, -1, -1, -1, -1, -1, -1, -1, -1, -1, -1, -1, -1, "", "", "", ""
"ac-hth", true, -1, -1, 1, 33, -1, -1, -1, -1, -1, -1, -1, -1, -1, -1, -1, -1, -1, -1, -1, -1, -1, -1, -1, -1, -1, -1, -1, -1, "", "", "", ""
"red-dmg", true, -1, -1, 1, 34, -1, -1, -1, -1, -1, -1, -1, -1, -1, -1, -1, -1, -1, -1, -1, -1, -1, -1, -1, -1, -1, -1, -1, -1, "", "", "", ""
"red-dmg%", true, -1, -1, 1, 36, -1, -1, -1, -1, -1, -1, -1, -1, -1, -1, -1, -1, -1, -1, -1, -1, -1, -1, -1, -1, -1, -1, -1, -1, "", "", "", ""
"ac%", true, -1, -1, 2, 16, -1, -1, -1, -1, -1, -1, -1, -1, -1, -1, -1, -1, -1, -1, -1, -1, -1, -1, -1, -1, -1, -1, -1, -1, "", "", "", ""
"red-mag", true, -1, -1, 1, 35, -1, -1, -1, -1, -1, -1, -1, -1, -1, -1, -1, -1, -1, -1, -1, -1, -1, -1, -1, -1, -1, -1, -1, -1, "", "", "", ""
"str", true, -1, -1, 1, 0, -1, -1, -1, -1, -1, -1, -1, -1, -1, -1, -1, -1, -1, -1, -1, -1, -1, -1, -1, -1, -1, -1, -1, -1, "", "", "", ""
"dex", true, -1, -1, 1, 2, -1, -1, -1, -1, -1, -1, -1, -1, -1, -1, -1, -1, -1, -1, -1, -1, -1, -1, -1, -1, -1, -1, -1, -1, "", "", "", ""
"vit", true, -1, -1, 1, 3, -1, -1, -1, -1, -1, -1, -1, -1, -1, -1, -1, -1, -1, -1, -1, -1, -1, -1, -1, -1, -1, -1, -1, -1, "", "", "", ""
"enr", true, -1, -1, 1, 1, -1, -1, -1, -1, -1, -1, -1, -1, -1, -1, -1, -1, -1, -1, -1, -1, -1, -1, -1, -1, -1, -1, -1, -1, "", "", "", ""
"mana", true, -1, -1, 1, 9, -1, -1, -1, -1, -1, -1, -1, -1, -1, -1, -1, -1, -1, -1, -1, -1, -1, -1, -1, -1, -1, -1, -1, -1, "", "", "", ""
"mana%", true, -1, -1, 1, 77, -1, -1, -1, -1, -1, -1, -1, -1, -1, -1, -1, -1, -1, -1, -1, -1, -1, -1, -1, -1, -1, -1, -1, -1, "", "", "", ""
"hp", true, -1, -1, 1, 7, -1, -1, -1, -1, -1, -1, -1, -1, -1, -1, -1, -1, -1, -1, -1, -1, -1, -1, -1, -1, -1, -1, -1, -1, "", "", "", ""
"hp%", true, -1, -1, 1, 76, -1, -1, -1, -1, -1, -1, -1, -1, -1, -1, -1, -1, -1, -1, -1, -1, -1, -1, -1, -1, -1, -1, -1, -1, "", "", "", ""
"att", true, -1, -1, 1, 19, -1, -1, -1, -1, -1, -1, -1, -1, -1, -1, -1, -1, -1, -1, -1, -1, -1, -1, -1, -1, -1, -1, -1, -1, "", "", "", ""
"block", true, -1, -1, 1, 20, -1, -1, -1, -1, -1, -1, -1, -1, -1, -1, -1, -1, -1, -1, -1, -1, -1, -1, -1, -1, -1, -1, -1, -1, "", "", "", ""
"cold-min", true, -1, -1, 1, 54, -1, -1, -1, -1, -1, -1, -1, -1, -1, -1, -1, -1, -1, -1, -1, -1, -1, -1, -1, -1, -1, -1, -1, -1, "", "", "", ""
"cold-max", true, -1, -1, 1, 55, -1, -1, -1, -1, -1, -1, -1, -1, -1, -1, -1, -1, -1, -1, -1, -1, -1, -1, -1, -1, -1, -1, -1, -1, "", "", "", ""
"cold-len", true, -1, -1, 1, 56, -1, -1, -1, -1, -1, -1, -1, -1, -1, -1, -1, -1, -1, -1, -1, -1, -1, -1, -1, -1, -1, -1, -1, -1, "", "", "", ""
"fire-min", true, -1, -1, 1, 48, -1, -1, -1, -1, -1, -1, -1, -1, -1, -1, -1, -1, -1, -1, -1, -1, -1, -1, -1, -1, -1, -1, -1, -1, "", "", "", ""
"fire-max", true, -1, -1, 1, 49, -1, -1, -1, -1, -1, -1, -1, -1, -1, -1, -1, -1, -1, -1, -1, -1, -1, -1, -1, -1, -1, -1, -1, -1, "", "", "", ""
"ltng-min", true, -1, -1, 1, 50, -1, -1, -1, -1, -1, -1, -1, -1, -1, -1, -1, -1, -1, -1, -1, -1, -1, -1, -1, -1, -1, -1, -1, -1, "", "", "", ""
"ltng-max", true, -1, -1, 1, 51, -1, -1, -1, -1, -1, -1, -1, -1, -1, -1, -1, -1, -1, -1, -1, -1, -1, -1, -1, -1, -1, -1, -1, -1, "", "", "", ""
"pois-min", true, -1, -1, 1, 57, -1, -1, -1, -1, -1, -1, -1, -1, -1, -1, -1, -1, -1, -1, -1, -1, -1, -1, -1, -1, -1, -1, -1, -1, "", "", "", ""
"pois-max", true, -1, -1, 1, 58, -1, -1, -1, -1, -1, -1, -1, -1, -1, -1, -1, -1, -1, -1, -1, -1, -1, -1, -1, -1, -1, -1, -1, -1, "", "", "", ""
"pois-len", true, -1, -1, 1, 59, -1, -1, -1, -1, -1, -1, -1, -1, -1, -1, -1, -1, -1, -1, -1, -1, -1, -1, -1, -1, -1, -1, -1, -1, "", "", "", ""
"dmg-min", true, -1, -1, 5, -1, -1, -1, -1, -1, -1, -1, -1, -1, -1, -1, -1, -1, -1, -1, -1, -1, -1, -1, -1, -1, -1, -1, -1, -1, "", "", "", ""
"dmg-max", true, -1, -1, 6, -1, -1, -1, -1, -1, -1, -1, -1, -1, -1, -1, -1, -1, -1, -1, -1, -1, -1, -1, -1, -1, -1, -1, -1, -1, "", "", "", ""
"dmg%", true, -1, -1, 7, -1, -1, -1, -1, -1, -1, -1, -1, -1, -1, -1, -1, -1, -1, -1, -1, -1, -1, -1, -1, -1, -1, -1, -1, -1, "", "", "", ""
"dmg-to-mana", true, -1, -1, 1, 114, -1, -1, -1, -1, -1, -1, -1, -1, -1, -1, -1, -1, -1, -1, -1, -1, -1, -1, -1, -1, -1, -1, -1, -1, "", "", "", ""
"res-fire", true, -1, -1, 1, 39, -1, -1, -1, -1, -1, -1, -1, -1, -1, -1, -1, -1, -1, -1, -1, -1, -1, -1, -1, -1, -1, -1, -1, -1, "", "", "", ""
"res-fire-max", true, -1, -1, 1, 40, -1, -1, -1, -1, -1, -1, -1, -1, -1, -1, -1, -1, -1, -1, -1, -1, -1, -1, -1, -1, -1, -1, -1, -1, "", "", "", ""
"res-ltng", true, -1, -1, 1, 41, -1, -1, -1, -1, -1, -1, -1, -1, -1, -1, -1, -1, -1, -1, -1, -1, -1, -1, -1, -1, -1, -1, -1, -1, "", "", "", ""
"res-ltng-max", true, -1, -1, 1, 42, -1, -1, -1, -1, -1, -1, -1, -1, -1, -1, -1, -1, -1, -1, -1, -1, -1, -1, -1, -1, -1, -1, -1, -1, "", "", "", ""
"res-cold", true, -1, -1, 1, 43, -1, -1, -1, -1, -1, -1, -1, -1, -1, -1, -1, -1, -1, -1, -1, -1, -1, -1, -1, -1, -1, -1, -1, -1, "", "", "", ""
"res-cold-max", true, -1, -1, 1, 44, -1, -1, -1, -1, -1, -1, -1, -1, -1, -1, -1, -1, -1, -1, -1, -1, -1, -1, -1, -1, -1, -1, -1, -1, "", "", "", ""
"res-mag", true, -1, -1, 1, 37, -1, -1, -1, -1, -1, -1, -1, -1, -1, -1, -1, -1, -1, -1, -1, -1, -1, -1, -1, -1, -1, -1, -1, -1, "", "", "", ""
"res-mag-max", true, -1, -1, 1, 38, -1, -1, -1, -1, -1, -1, -1, -1, -1, -1, -1, -1, -1, -1, -1, -1, -1, -1, -1, -1, -1, -1, -1, -1, "", "", "", ""
"res-pois", true, -1, -1, 1, 45, -1, -1, -1, -1, -1, -1, -1, -1, -1, -1, -1, -1, -1, -1, -1, -1, -1, -1, -1, -1, -1, -1, -1, -1, "", "", "", ""
"res-pois-max", true, -1, -1, 1, 46, -1, -1, -1, -1, -1, -1, -1, -1, -1, -1, -1, -1, -1, -1, -1, -1, -1, -1, -1, -1, -1, -1, -1, -1, "", "", "", ""
"res-all", true, -1, -1, 1, 39, -1, -1, 3, 41, -1, -1, 3, 43, -1, -1, 3, 45, -1, -1, -1, -1, -1, -1, -1, -1, -1, -1, -1, -1, "", "", "", ""
"res-all-max", true, -1, -1, 1, 40, -1, -1, 3, 42, -1, -1, 3, 44, -1, -1, 3, 46, -1, -1, -1, -1, -1, -1, -1, -1, -1, -1, -1, -1, "", "", "", ""
"abs-fire%", true, -1, -1, 1, 142, -1, -1, -1, -1, -1, -1, -1, -1, -1, -1, -1, -1, -1, -1, -1, -1, -1, -1, -1, -1, -1, -1, -1, -1, "", "", "", ""
"abs-fire", true, -1, -1, 1, 143, -1, -1, -1, -1, -1, -1, -1, -1, -1, -1, -1, -1, -1, -1, -1, -1, -1, -1, -1, -1, -1, -1, -1, -1, "", "", "", ""
"abs-ltng%", true, -1, -1, 1, 144, -1, -1, -1, -1, -1, -1, -1, -1, -1, -1, -1, -1, -1, -1, -1, -1, -1, -1, -1, -1, -1, -1, -1, -1, "", "", "", ""
"abs-ltng", true, -1, -1, 1, 145, -1, -1, -1, -1, -1, -1, -1, -1, -1, -1, -1, -1, -1, -1, -1, -1, -1, -1, -1, -1, -1, -1, -1, -1, "", "", "", ""
"abs-mag%", true, -1, -1, 1, 146, -1, -1, -1, -1, -1, -1, -1, -1, -1, -1, -1, -1, -1, -1, -1, -1, -1, -1, -1, -1, -1, -1, -1, -1, "", "", "", ""
"abs-mag", true, -1, -1, 1, 147, -1, -1, -1, -1, -1, -1, -1, -1, -1, -1, -1, -1, -1, -1, -1, -1, -1, -1, -1, -1, -1, -1, -1, -1, "", "", "", ""
"abs-cold%", true, -1, -1, 1, 148, -1, -1, -1, -1, -1, -1, -1, -1, -1, -1, -1, -1, -1, -1, -1, -1, -1, -1, -1, -1, -1, -1, -1, -1, "", "", "", ""
"abs-cold", true, -1, -1, 1, 149, -1, -1, -1, -1, -1, -1, -1, -1, -1, -1, -1, -1, -1, -1, -1, -1, -1, -1, -1, -1, -1, -1, -1, -1, "", "", "", ""
"dur", true, -1, -1, 1, 73, -1, -1, -1, -1, -1, -1, -1, -1, -1, -1, -1, -1, -1, -1, -1, -1, -1, -1, -1, -1, -1, -1, -1, -1, "", "", "", ""
"dur%", true, -1, -1, 13, 75, -1, -1, -1, -1, -1, -1, -1, -1, -1, -1, -1, -1, -1, -1, -1, -1, -1, -1, -1, -1, -1, -1, -1, -1, "", "", "", ""
"regen", true, -1, -1, 1, 74, -1, -1, -1, -1, -1, -1, -1, -1, -1, -1, -1, -1, -1, -1, -1, -1, -1, -1, -1, -1, -1, -1, -1, -1, "", "", "", ""
"thorns", true, -1, -1, 1, 78, -1, -1, -1, -1, -1, -1, -1, -1, -1, -1, -1, -1, -1, -1, -1, -1, -1, -1, -1, -1, -1, -1, -1, -1, "", "", "", ""
"swing1", true, -1, -1, 8, 93, -1, -1, -1, -1, -1, -1, -1, -1, -1, -1, -1, -1, -1, -1, -1, -1, -1, -1, -1, -1, -1, -1, -1, -1, "", "", "", ""
"swing2", true, -1, -1, 8, 93, -1, -1, -1, -1, -1, -1, -1, -1, -1, -1, -1, -1, -1, -1, -1, -1, -1, -1, -1, -1, -1, -1, -1, -1, "", "", "", ""
"swing3", true, -1, -1, 8, 93, -1, -1, -1, -1, -1, -1, -1, -1, -1, -1, -1, -1, -1, -1, -1, -1, -1, -1, -1, -1, -1, -1, -1, -1, "", "", "", ""
"gold%", true, -1, -1, 1, 79, -1, -1, -1, -1, -1, -1, -1, -1, -1, -1, -1, -1, -1, -1, -1, -1, -1, -1, -1, -1, -1, -1, -1, -1, "", "", "", ""
"mag%", true, -1, -1, 1, 80, -1, -1, -1, -1, -1, -1, -1, -1, -1, -1, -1, -1, -1, -1, -1, -1, -1, -1, -1, -1, -1, -1, -1, -1, "", "", "", ""
"knock", true, -1, -1, 1, 81, -1, -1, -1, -1, -1, -1, -1, -1, -1, -1, -1, -1, -1, -1, -1, -1, -1, -1, -1, -1, -1, -1, -1, -1, "", "", "", ""
"regen-stam", true, -1, -1, 1, 28, -1, -1, -1, -1, -1, -1, -1, -1, -1, -1, -1, -1, -1, -1, -1, -1, -1, -1, -1, -1, -1, -1, -1, -1, "", "", "", ""
"regen-mana", true, -1, -1, 1, 27, -1, -1, -1, -1, -1, -1, -1, -1, -1, -1, -1, -1, -1, -1, -1, -1, -1, -1, -1, -1, -1, -1, -1, -1, "", "", "", ""
"stam", true, -1, -1, 1, 11, -1, -1, -1, -1, -1, -1, -1, -1, -1, -1, -1, -1, -1, -1, -1, -1, -1, -1, -1, -1, -1, -1, -1, -1, "", "", "", ""
"time", true, -1, -1, 1, 82, -1, -1, -1, -1, -1, -1, -1, -1, -1, -1, -1, -1, -1, -1, -1, -1, -1, -1, -1, -1, -1, -1, -1, -1, "", "", "", ""
"manasteal", true, -1, -1, 1, 62, -1, -1, -1, -1, -1, -1, -1, -1, -1, -1, -1, -1, -1, -1, -1, -1, -1, -1, -1, -1, -1, -1, -1, -1, "", "", "", ""
"lifesteal", true, -1, -1, 1, 60, -1, -1, -1, -1, -1, -1, -1, -1, -1, -1, -1, -1, -1, -1, -1, -1, -1, -1, -1, -1, -1, -1, -1, -1, "", "", "", ""
"ama", true, -1, 0, 21, 83, -1, -1, -1, -1, -1, -1, -1, -1, -1, -1, -1, -1, -1, -1, -1, -1, -1, -1, -1, -1, -1, -1, -1, -1, "", "", "", ""
"pal", true, -1, 3, 21, 83, -1, -1, -1, -1, -1, -1, -1, -1, -1, -1, -1, -1, -1, -1, -1, -1, -1, -1, -1, -1, -1, -1, -1, -1, "", "", "", ""
"nec", true, -1, 2, 21, 83, -1, -1, -1, -1, -1, -1, -1, -1, -1, -1, -1, -1, -1, -1, -1, -1, -1, -1, -1, -1, -1, -1, -1, -1, "", "", "", ""
"sor", true, -1, 1, 21, 83, -1, -1, -1, -1, -1, -1, -1, -1, -1, -1, -1, -1, -1, -1, -1, -1, -1, -1, -1, -1, -1, -1, -1, -1, "", "", "", ""
"bar", true, -1, 4, 21, 83, -1, -1, -1, -1, -1, -1, -1, -1, -1, -1, -1, -1, -1, -1, -1, -1, -1, -1, -1, -1, -1, -1, -1, -1, "", "", "", ""
"herb", true, -1, -1, 1, 88, -1, -1, -1, -1, -1, -1, -1, -1, -1, -1, -1, -1, -1, -1, -1, -1, -1, -1, -1, -1, -1, -1, -1, -1, "", "", "", ""
"light", true, -1, -1, 1, 89, -1, -1, -1, -1, -1, -1, -1, -1, -1, -1, -1, -1, -1, -1, -1, -1, -1, -1, -1, -1, -1, -1, -1, -1, "", "", "", ""
"color", true, 1, -1, 1, 90, -1, -1, -1, -1, -1, -1, -1, -1, -1, -1, -1, -1, -1, -1, -1, -1, -1, -1, -1, -1, -1, -1, -1, -1, "", "", "", ""
"ease", true, -1, -1, 1, 91, -1, -1, -1, -1, -1, -1, -1, -1, -1, -1, -1, -1, -1, -1, -1, -1, -1, -1, -1, -1, -1, -1, -1, -1, "", "", "", ""
"move1", true, -1, -1, 8, 96, -1, -1, -1, -1, -1, -1, -1, -1, -1, -1, -1, -1, -1, -1, -1, -1, -1, -1, -1, -1, -1, -1, -1, -1, "", "", "", ""
"move2", true, -1, -1, 8, 96, -1, -1, -1, -1, -1, -1, -1, -1, -1, -1, -1, -1, -1, -1, -1, -1, -1, -1, -1, -1, -1, -1, -1, -1, "", "", "", ""
"move3", true, -1, -1, 8, 96, -1, -1, -1, -1, -1, -1, -1, -1, -1, -1, -1, -1, -1, -1, -1, -1, -1, -1, -1, -1, -1, -1, -1, -1, "", "", "", ""
"balance1", true, -1, -1, 8, 99, -1, -1, -1, -1, -1, -1, -1, -1, -1, -1, -1, -1, -1, -1, -1, -1, -1, -1, -1, -1, -1, -1, -1, -1, "", "", "", ""
"balance2", true, -1, -1, 8, 99, -1, -1, -1, -1, -1, -1, -1, -1, -1, -1, -1, -1, -1, -1, -1, -1, -1, -1, -1, -1, -1, -1, -1, -1, "", "", "", ""
"balance3", true, -1, -1, 8, 99, -1, -1, -1, -1, -1, -1, -1, -1, -1, -1, -1, -1, -1, -1, -1, -1, -1, -1, -1, -1, -1, -1, -1, -1, "", "", "", ""
"block1", true, -1, -1, 8, 102, -1, -1, -1, -1, -1, -1, -1, -1, -1, -1, -1, -1, -1, -1, -1, -1, -1, -1, -1, -1, -1, -1, -1, -1, "", "", "", ""
"block2", true, -1, -1, 8, 102, -1, -1, -1, -1, -1, -1, -1, -1, -1, -1, -1, -1, -1, -1, -1, -1, -1, -1, -1, -1, -1, -1, -1, -1, "", "", "", ""
"block3", true, -1, -1, 8, 102, -1, -1, -1, -1, -1, -1, -1, -1, -1, -1, -1, -1, -1, -1, -1, -1, -1, -1, -1, -1, -1, -1, -1, -1, "", "", "", ""
"cast1", true, -1, -1, 8, 105, -1, -1, -1, -1, -1, -1, -1, -1, -1, -1, -1, -1, -1, -1, -1, -1, -1, -1, -1, -1, -1, -1, -1, -1, "", "", "", ""
"cast2", true, -1, -1, 8, 105, -1, -1, -1, -1, -1, -1, -1, -1, -1, -1, -1, -1, -1, -1, -1, -1, -1, -1, -1, -1, -1, -1, -1, -1, "", "", "", ""
"cast3", true, -1, -1, 8, 105, -1, -1, -1, -1, -1, -1, -1, -1, -1, -1, -1, -1, -1, -1, -1, -1, -1, -1, -1, -1, -1, -1, -1, -1, "", "", "", ""
"res-pois-len", true, -1, -1, 1, 110, -1, -1, -1, -1, -1, -1, -1, -1, -1, -1, -1, -1, -1, -1, -1, -1, -1, -1, -1, -1, -1, -1, -1, -1, "", "", "", ""
"dmg", true, -1, -1, 1, 111, -1, -1, -1, -1, -1, -1, -1, -1, -1, -1, -1, -1, -1, -1, -1, -1, -1, -1, -1, -1, -1, -1, -1, -1, "", "", "", ""
"howl", true, -1, -1, 1, 112, -1, -1, -1, -1, -1, -1, -1, -1, -1, -1, -1, -1, -1, -1, -1, -1, -1, -1, -1, -1, -1, -1, -1, -1, "", "", "", ""
"stupidity", true, -1, -1, 1, 113, -1, -1, -1, -1, -1, -1, -1, -1, -1, -1, -1, -1, -1, -1, -1, -1, -1, -1, -1, -1, -1, -1, -1, -1, "", "", "", ""
"ignore-ac", true, -1, -1, 1, 115, -1, -1, -1, -1, -1, -1, -1, -1, -1, -1, -1, -1, -1, -1, -1, -1, -1, -1, -1, -1, -1, -1, -1, -1, "", "", "", ""
"reduce-ac", true, -1, -1, 1, 116, -1, -1, -1, -1, -1, -1, -1, -1, -1, -1, -1, -1, -1, -1, -1, -1, -1, -1, -1, -1, -1, -1, -1, -1, "", "", "", ""
"noheal", true, -1, -1, 1, 117, -1, -1, -1, -1, -1, -1, -1, -1, -1, -1, -1, -1, -1, -1, -1, -1, -1, -1, -1, -1, -1, -1, -1, -1, "", "", "", ""
"half-freeze", true, -1, -1, 1, 118, -1, -1, -1, -1, -1, -1, -1, -1, -1, -1, -1, -1, -1, -1, -1, -1, -1, -1, -1, -1, -1, -1, -1, -1, "", "", "", ""
"att%", true, -1, -1, 1, 119, -1, -1, -1, -1, -1, -1, -1, -1, -1, -1, -1, -1, -1, -1, -1, -1, -1, -1, -1, -1, -1, -1, -1, -1, "", "", "", ""
"dmg-ac", true, -1, -1, 1, 120, -1, -1, -1, -1, -1, -1, -1, -1, -1, -1, -1, -1, -1, -1, -1, -1, -1, -1, -1, -1, -1, -1, -1, -1, "", "", "", ""
"dmg-demon", true, -1, -1, 1, 121, -1, -1, -1, -1, -1, -1, -1, -1, -1, -1, -1, -1, -1, -1, -1, -1, -1, -1, -1, -1, -1, -1, -1, -1, "", "", "", ""
"dmg-undead", true, -1, -1, 1, 122, -1, -1, -1, -1, -1, -1, -1, -1, -1, -1, -1, -1, -1, -1, -1, -1, -1, -1, -1, -1, -1, -1, -1, -1, "", "", "", ""
"att-demon", true, -1, -1, 1, 123, -1, -1, -1, -1, -1, -1, -1, -1, -1, -1, -1, -1, -1, -1, -1, -1, -1, -1, -1, -1, -1, -1, -1, -1, "", "", "", ""
"att-undead", true, -1, -1, 1, 124, -1, -1, -1, -1, -1, -1, -1, -1, -1, -1, -1, -1, -1, -1, -1, -1, -1, -1, -1, -1, -1, -1, -1, -1, "", "", "", ""
"throw", true, -1, -1, 1, 125, -1, -1, -1, -1, -1, -1, -1, -1, -1, -1, -1, -1, -1, -1, -1, -1, -1, -1, -1, -1, -1, -1, -1, -1, "", "", "", ""
"fireskill", true, -1, 1, 21, 126, -1, -1, -1, -1, -1, -1, -1, -1, -1, -1, -1, -1, -1, -1, -1, -1, -1, -1, -1, -1, -1, -1, -1, -1, "", "", "", ""
"allskills", true, -1, -1, 1, 127, -1, -1, -1, -1, -1, -1, -1, -1, -1, -1, -1, -1, -1, -1, -1, -1, -1, -1, -1, -1, -1, -1, -1, -1, "", "", "", ""
"light-thorns", true, -1, -1, 1, 128, -1, -1, -1, -1, -1, -1, -1, -1, -1, -1, -1, -1, -1, -1, -1, -1, -1, -1, -1, -1, -1, -1, -1, -1, "", "", "", ""
"freeze", true, -1, -1, 1, 134, -1, -1, -1, -1, -1, -1, -1, -1, -1, -1, -1, -1, -1, -1, -1, -1, -1, -1, -1, -1, -1, -1, -1, -1, "", "chance in 128", "length in frames", ""
"openwounds", true, -1, -1, 1, 135, -1, -1, -1, -1, -1, -1, -1, -1, -1, -1, -1, -1, -1, -1, -1, -1, -1, -1, -1, -1, -1, -1, -1, -1, "", "", "", ""
"crush", true, -1, -1, 1, 136, -1, -1, -1, -1, -1, -1, -1, -1, -1, -1, -1, -1, -1, -1, -1, -1, -1, -1, -1, -1, -1, -1, -1, -1, "", "", "", ""
"kick", true, -1, -1, 1, 137, -1, -1, -1, -1, -1, -1, -1, -1, -1, -1, -1, -1, -1, -1, -1, -1, -1, -1, -1, -1, -1, -1, -1, -1, "", "", "", ""
"mana-kill", true, -1, -1, 1, 138, -1, -1, -1, -1, -1, -1, -1, -1, -1, -1, -1, -1, -1, -1, -1, -1, -1, -1, -1, -1, -1, -1, -1, -1, "", "", "", ""
"demon-heal", true, -1, -1, 1, 139, -1, -1, -1, -1, -1, -1, -1, -1, -1, -1, -1, -1, -1, -1, -1, -1, -1, -1, -1, -1, -1, -1, -1, -1, "", "", "", ""
"bloody", true, -1, -1, 1, 140, -1, -1, -1, -1, -1, -1, -1, -1, -1, -1, -1, -1, -1, -1, -1, -1, -1, -1, -1, -1, -1, -1, -1, -1, "", "", "", ""
"deadly", true, -1, -1, 1, 141, -1, -1, -1, -1, -1, -1, -1, -1, -1, -1, -1, -1, -1, -1, -1, -1, -1, -1, -1, -1, -1, -1, -1, -1, "", "", "", ""
"slow", true, -1, -1, 1, 150, -1, -1, -1, -1, -1, -1, -1, -1, -1, -1, -1, -1, -1, -1, -1, -1, -1, -1, -1, -1, -1, -1, -1, -1, "", "", "", ""
"nofreeze", true, -1, -1, 1, 153, -1, -1, -1, -1, -1, -1, -1, -1, -1, -1, -1, -1, -1, -1, -1, -1, -1, -1, -1, -1, -1, -1, -1, -1, "", "", "", ""
"stamdrain", true, -1, -1, 1, 154, -1, -1, -1, -1, -1, -1, -1, -1, -1, -1, -1, -1, -1, -1, -1, -1, -1, -1, -1, -1, -1, -1, -1, -1, "", "", "", ""
"reanimate", true, -1, -1, 24, 155, -1, -1, -1, -1, -1, -1, -1, -1, -1, -1, -1, -1, -1, -1, -1, -1, -1, -1, -1, -1, -1, -1, -1, -1, "", "", "", ""
"pierce", true, -1, -1, 1, 156, -1, -1, -1, -1, -1, -1, -1, -1, -1, -1, -1, -1, -1, -1, -1, -1, -1, -1, -1, -1, -1, -1, -1, -1, "", "", "", ""
"magicarrow", true, -1, -1, 1, 157, -1, -1, -1, -1, -1, -1, -1, -1, -1, -1, -1, -1, -1, -1, -1, -1, -1, -1, -1, -1, -1, -1, -1, -1, "", "", "", ""
"explosivearrow", true, -1, -1, 1, 158, -1, -1, -1, -1, -1, -1, -1, -1, -1, -1, -1, -1, -1, -1, -1, -1, -1, -1, -1, -1, -1, -1, -1, -1, "", "", "", ""
"dru", true, -1, 5, 21, 83, -1, -1, -1, -1, -1, -1, -1, -1, -1, -1, -1, -1, -1, -1, -1, -1, -1, -1, -1, -1, -1, -1, -1, -1, "All Druid Skills", "", "", ""
"ass", true, -1, 6, 21, 83, -1, -1, -1, -1, -1, -1, -1, -1, -1, -1, -1, -1, -1, -1, -1, -1, -1, -1, -1, -1, -1, -1, -1, -1, "All Assassin Skills", "", "", ""
"skill", true, -1, -1, 22, 107, -1, -1, -1, -1, -1, -1, -1, -1, -1, -1, -1, -1, -1, -1, -1, -1, -1, -1, -1, -1, -1, -1, -1, -1, "", "", "", ""
"skilltab", true, -1, -1, 10, 188, -1, -1, -1, -1, -1, -1, -1, -1, -1, -1, -1, -1, -1, -1, -1, -1, -1, -1, -1, -1, -1, -1, -1, -1, "", "", "", ""
"aura", true, -1, -1, 22, 151, -1, -1, -1, -1, -1, -1, -1, -1, -1, -1, -1, -1, -1, -1, -1, -1, -1, -1, -1, -1, -1, -1, -1, -1, "", "", "", ""
"att-skill", true, -1, -1, 11, 195, -1, -1, -1, -1, -1, -1, -1, -1, -1, -1, -1, -1, -1, -1, -1, -1, -1, -1, -1, -1, -1, -1, -1, -1, "Proc Skill on Swing", "Skill", "% Chance", "Level"
"hit-skill", true, -1, -1, 11, 198, -1, -1, -1, -1, -1, -1, -1, -1, -1, -1, -1, -1, -1, -1, -1, -1, -1, -1, -1, -1, -1, -1, -1, -1, "Proc Skill on Hit", "Skill", "% Chance", "Level"
"gethit-skill", true, -1, -1, 11, 201, -1, -1, -1, -1, -1, -1, -1, -1, -1, -1, -1, -1, -1, -1, -1, -1, -1, -1, -1, -1, -1, -1, -1, -1, "Proc Skill on Get Hit", "Skill", "% Chance", "Level"
"gembonus", false, -1, -1, -1, -1, -1, -1, -1, -1, -1, -1, -1, -1, -1, -1, -1, -1, -1, -1, -1, -1, -1, -1, -1, -1, -1, -1, -1, -1, "Increase chance of finding Gems", "", "", ""
"regen-dur", false, -1, -1, -1, -1, -1, -1, -1, -1, -1, -1, -1, -1, -1, -1, -1, -1, -1, -1, -1, -1, -1, -1, -1, -1, -1, -1, -1, -1, "", "", "", ""
"fire-fx", false, -1, -1, -1, -1, -1, -1, -1, -1, -1, -1, -1, -1, -1, -1, -1, -1, -1, -1, -1, -1, -1, -1, -1, -1, -1, -1, -1, -1, "", "", "", ""
"ltng-fx", false, -1, -1, -1, -1, -1, -1, -1, -1, -1, -1, -1, -1, -1, -1, -1, -1, -1, -1, -1, -1, -1, -1, -1, -1, -1, -1, -1, -1, "", "", "", ""
"sock", true, -1, -1, 14, 194, -1, -1, -1, -1, -1, -1, -1, -1, -1, -1, -1, -1, -1, -1, -1, -1, -1, -1, -1, -1, -1, -1, -1, -1, "", "", "", ""
"dmg-fire", true, -1, -1, 15, 48, -1, -1, 16, 49, -1, -1, -1, -1, -1, -1, -1, -1, -1, -1, -1, -1, -1, -1, -1, -1, -1, -1, -1, -1, "Fire Damage", "", "Min", "Max"
"dmg-ltng", true, -1, -1, 15, 50, -1, -1, 16, 51, -1, -1, -1, -1, -1, -1, -1, -1, -1, -1, -1, -1, -1, -1, -1, -1, -1, -1, -1, -1, "Lightning Damage", "", "Min", "Max"
"dmg-mag", true, -1, -1, 15, 52, -1, -1, 16, 53, -1, -1, -1, -1, -1, -1, -1, -1, -1, -1, -1, -1, -1, -1, -1, -1, -1, -1, -1, -1, "Magic Damge", "", "Min", "Max"
"dmg-cold", true, -1, -1, 15, 54, -1, -1, 16, 55, -1, -1, 17, 56, -1, -1, -1, -1, -1, -1, -1, -1, -1, -1, -1, -1, -1, -1, -1, -1, "Cold Damage", "Length (Frames)", "Min", "Max"
"dmg-pois", true, -1, -1, 15, 57, -1, -1, 16, 58, -1, -1, 17, 59, -1, -1, -1, -1, -1, -1, -1, -1, -1, -1, -1, -1, -1, -1, -1, -1, "Poison Damage", "Length (Frames)", "Min", "Max"
"dmg-throw", true, -1, -1, 15, 159, -1, -1, 16, 160, -1, -1, -1, -1, -1, -1, -1, -1, -1, -1, -1, -1, -1, -1, -1, -1, -1, -1, -1, -1, "Throwing Damage", "", "Min", "Max"
"dmg-norm", true, -1, -1, 15, 21, -1, -1, 16, 22, -1, -1, -1, -1, -1, -1, -1, -1, -1, -1, -1, -1, -1, -1, -1, -1, -1, -1, -1, -1, "Normal Damage Modifier", "", "Min", "Max"
"ac/lvl", true, -1, -1, 17, 214, -1, -1, -1, -1, -1, -1, -1, -1, -1, -1, -1, -1, -1, -1, -1, -1, -1, -1, -1, -1, -1, -1, -1, -1, "AC per Player Level", "ac/lvl (8ths)", "", ""
"ac%/lvl", true, -1, -1, 17, 215, -1, -1, -1, -1, -1, -1, -1, -1, -1, -1, -1, -1, -1, -1, -1, -1, -1, -1, -1, -1, -1, -1, -1, -1, "AC% per Player Level", "ac%/lvl (8ths)", "", ""
"hp/lvl", true, -1, -1, 17, 216, -1, -1, -1, -1, -1, -1, -1, -1, -1, -1, -1, -1, -1, -1, -1, -1, -1, -1, -1, -1, -1, -1, -1, -1, "HP per Player Level", "hp/lvl (8ths)", "", ""
"mana/lvl", true, -1, -1, 17, 217, -1, -1, -1, -1, -1, -1, -1, -1, -1, -1, -1, -1, -1, -1, -1, -1, -1, -1, -1, -1, -1, -1, -1, -1, "Mana per Player Level", "(8ths)", "", ""
"dmg/lvl", true, -1, -1, 17, 218, -1, -1, -1, -1, -1, -1, -1, -1, -1, -1, -1, -1, -1, -1, -1, -1, -1, -1, -1, -1, -1, -1, -1, -1, "Max Damage per Player Level", "(8ths)", "", ""
"dmg%/lvl", true, -1, -1, 17, 219, -1, -1, -1, -1, -1, -1, -1, -1, -1, -1, -1, -1, -1, -1, -1, -1, -1, -1, -1, -1, -1, -1, -1, -1, "Max Damage % per Player Level", "(8ths)", "", ""
"str/lvl", true, -1, -1, 17, 220, -1, -1, -1, -1, -1, -1, -1, -1, -1, -1, -1, -1, -1, -1, -1, -1, -1, -1, -1, -1, -1, -1, -1, -1, "Strength per Player Level", "(8ths)", "", ""
"dex/lvl", true, -1, -1, 17, 221, -1, -1, -1, -1, -1, -1, -1, -1, -1, -1, -1, -1, -1, -1, -1, -1, -1, -1, -1, -1, -1, -1, -1, -1, "Dexterity per Player Level", "(8ths)", "", ""
"enr/lvl", true, -1, -1, 17, 222, -1, -1, -1, -1, -1, -1, -1, -1, -1, -1, -1, -1, -1, -1, -1, -1, -1, -1, -1, -1, -1, -1, -1, -1, "Energy per Player Level", "(8ths)", "", ""
"vit/lvl", true, -1, -1, 17, 223, -1, -1, -1, -1, -1, -1, -1, -1, -1, -1, -1, -1, -1, -1, -1, -1, -1, -1, -1, -1, -1, -1, -1, -1, "Vitality per Player Level", "(8ths)", "", ""
"att/lvl", true, -1, -1, 17, 224, -1, -1, -1, -1, -1, -1, -1, -1, -1, -1, -1, -1, -1, -1, -1, -1, -1, -1, -1, -1, -1, -1, -1, -1, "Attack per Player Level", "att/lvl (1)", "", ""
"att%/lvl", true, -1, -1, 17, 225, -1, -1, -1, -1, -1, -1, -1, -1, -1, -1, -1, -1, -1, -1, -1, -1, -1, -1, -1, -1, -1, -1, -1, -1, "Attack% per Player Level", "att%/lvl (8ths)", "", ""
"dmg-cold/lvl", true, -1, -1, 17, 226, -1, -1, -1, -1, -1, -1, -1, -1, -1, -1, -1, -1, -1, -1, -1, -1, -1, -1, -1, -1, -1, -1, -1, -1, "Max Cold Damage per Player Level", "(8ths)", "", ""
"dmg-fire/lvl", true, -1, -1, 17, 227, -1, -1, -1, -1, -1, -1, -1, -1, -1, -1, -1, -1, -1, -1, -1, -1, -1, -1, -1, -1, -1, -1, -1, -1, "Max Fire Damage per Player Level", "(8ths)", "", ""
"dmg-ltng/lvl", true, -1, -1, 17, 228, -1, -1, -1, -1, -1, -1, -1, -1, -1, -1, -1, -1, -1, -1, -1, -1, -1, -1, -1, -1, -1, -1, -1, -1, "Max Lightning Dmg per Player Level", "(8ths)", "", ""
"dmg-pois/lvl", true, -1, -1, 17, 229, -1, -1, -1, -1, -1, -1, -1, -1, -1, -1, -1, -1, -1, -1, -1, -1, -1, -1, -1, -1, -1, -1, -1, -1, "Max Poison Dmg per Player Level", "(8ths)", "", ""
"res-cold/lvl", true, -1, -1, 17, 230, -1, -1, -1, -1, -1, -1, -1, -1, -1, -1, -1, -1, -1, -1, -1, -1, -1, -1, -1, -1, -1, -1, -1, -1, "Resist Cold% per Player Level", "(8ths)", "", ""
"res-fire/lvl", true, -1, -1, 17, 231, -1, -1, -1, -1, -1, -1, -1, -1, -1, -1, -1, -1, -1, -1, -1, -1, -1, -1, -1, -1, -1, -1, -1, -1, "Resist Fire% per Player Level", "(8ths)", "", ""
"res-ltng/lvl", true, -1, -1, 17, 232, -1, -1, -1, -1, -1, -1, -1, -1, -1, -1, -1, -1, -1, -1, -1, -1, -1, -1, -1, -1, -1, -1, -1, -1, "Resist Lightning% per Player Level", "(8ths)", "", ""
"res-pois/lvl", true, -1, -1, 17, 233, -1, -1, -1, -1, -1, -1, -1, -1, -1, -1, -1, -1, -1, -1, -1, -1, -1, -1, -1, -1, -1, -1, -1, -1, "Resist Poison% per Player Level", "(8ths)", "", ""
"abs-cold/lvl", true, -1, -1, 17, 234, -1, -1, -1, -1, -1, -1, -1, -1, -1, -1, -1, -1, -1, -1, -1, -1, -1, -1, -1, -1, -1, -1, -1, -1, "Absorb Cold Dmg per Player Level", "(8ths)", "", ""
"abs-fire/lvl", true, -1, -1, 17, 235, -1, -1, -1, -1, -1, -1, -1, -1, -1, -1, -1, -1, -1, -1, -1, -1, -1, -1, -1, -1, -1, -1, -1, -1, "Absorb Fire Dmg per Player Level", "(8ths)", "", ""
"abs-ltng/lvl", true, -1, -1, 17, 236, -1, -1, -1, -1, -1, -1, -1, -1, -1, -1, -1, -1, -1, -1, -1, -1, -1, -1, -1, -1, -1, -1, -1, -1, "Absorb Lightning Dmg per Player Lvl", "(8ths)", "", ""
"abs-pois/lvl", true, -1, -1, 17, 237, -1, -1, -1, -1, -1, -1, -1, -1, -1, -1, -1, -1, -1, -1, -1, -1, -1, -1, -1, -1, -1, -1, -1, -1, "Absorb Poison Dmg per Player Lvl", "(8ths)", "", ""
"thorns/lvl", true, -1, -1, 17, 238, -1, -1, -1, -1, -1, -1, -1, -1, -1, -1, -1, -1, -1, -1, -1, -1, -1, -1, -1, -1, -1, -1, -1, -1, "Damage to Attacker per Player Lvl", "(8ths)", "", ""
"gold%/lvl", true, -1, -1, 17, 239, -1, -1, -1, -1, -1, -1, -1, -1, -1, -1, -1, -1, -1, -1, -1, -1, -1, -1, -1, -1, -1, -1, -1, -1, "+% Gold Dropped per Player Lvl", "(8ths)", "", ""
"mag%/lvl", true, -1, -1, 17, 240, -1, -1, -1, -1, -1, -1, -1, -1, -1, -1, -1, -1, -1, -1, -1, -1, -1, -1, -1, -1, -1, -1, -1, -1, "+% Magical per Player Lvl", "(8ths)", "", ""
"regen-stam/lvl", true, -1, -1, 17, 241, -1, -1, -1, -1, -1, -1, -1, -1, -1, -1, -1, -1, -1, -1, -1, -1, -1, -1, -1, -1, -1, -1, -1, -1, "+% Stamina Regeneration per Player Lvl", "(8ths)", "", ""
"stam/lvl", true, -1, -1, 17, 242, -1, -1, -1, -1, -1, -1, -1, -1, -1, -1, -1, -1, -1, -1, -1, -1, -1, -1, -1, -1, -1, -1, -1, -1, "Stamina per Player Level", "(8ths)", "", ""
"dmg-dem/lvl", true, -1, -1, 17, 243, -1, -1, -1, -1, -1, -1, -1, -1, -1, -1, -1, -1, -1, -1, -1, -1, -1, -1, -1, -1, -1, -1, -1, -1, "Damage to Demons % per Player Level", "(8ths)", "", ""
"dmg-und/lvl", true, -1, -1, 17, 244, -1, -1, -1, -1, -1, -1, -1, -1, -1, -1, -1, -1, -1, -1, -1, -1, -1, -1, -1, -1, -1, -1, -1, -1, "Damage to Undead % per Player Level", "(8ths)", "", ""
"att-dem/lvl", true, -1, -1, 17, 245, -1, -1, -1, -1, -1, -1, -1, -1, -1, -1, -1, -1, -1, -1, -1, -1, -1, -1, -1, -1, -1, -1, -1, -1, "Attack Demons + per Player Level", "att/lvl (1)", "", ""
"att-und/lvl", true, -1, -1, 17, 246, -1, -1, -1, -1, -1, -1, -1, -1, -1, -1, -1, -1, -1, -1, -1, -1, -1, -1, -1, -1, -1, -1, -1, -1, "Attack Undead + per Player Level", "att/lvl (1)", "", ""
"crush/lvl", true, -1, -1, 17, 247, -1, -1, -1, -1, -1, -1, -1, -1, -1, -1, -1, -1, -1, -1, -1, -1, -1, -1, -1, -1, -1, -1, -1, -1, "+% Chance of Crushing Blow per Player Level", "(8ths)", "", ""
"wounds/lvl", true, -1, -1, 17, 248, -1, -1, -1, -1, -1, -1, -1, -1, -1, -1, -1, -1, -1, -1, -1, -1, -1, -1, -1, -1, -1, -1, -1, -1, "+% Chance of Open Wounds per Player Level", "(8ths)", "", ""
"kick/lvl", true, -1, -1, 17, 249, -1, -1, -1, -1, -1, -1, -1, -1, -1, -1, -1, -1, -1, -1, -1, -1, -1, -1, -1, -1, -1, -1, -1, -1, "Kick Damage per Player Level", "(8ths)", "", ""
"deadly/lvl", true, -1, -1, 17, 250, -1, -1, -1, -1, -1, -1, -1, -1, -1, -1, -1, -1, -1, -1, -1, -1, -1, -1, -1, -1, -1, -1, -1, -1, "+% Chance of Deadly Strike per Player Level", "(8ths)", "", ""
"gems%/lvl", false, -1, -1, -1, -1, -1, -1, -1, -1, -1, -1, -1, -1, -1, -1, -1, -1, -1, -1, -1, -1, -1, -1, -1, -1, -1, -1, -1, -1, "+% Chance of finding Gems per Player Level", "(8ths)", "", ""
"rep-dur", true, -1, -1, 17, 252, -1, -1, -1, -1, -1, -1, -1, -1, -1, -1, -1, -1, -1, -1, -1, -1, -1, -1, -1, -1, -1, -1, -1, -1, "regenerates durability", "speed (see note)", "", ""
"rep-quant", true, -1, -1, 17, 253, -1, -1, -1, -1, -1, -1, -1, -1, -1, -1, -1, -1, -1, -1, -1, -1, -1, -1, -1, -1, -1, -1, -1, -1, "regenerates quantity", "speed (see note)", "", ""
"stack", true, -1, -1, 1, 254, -1, -1, -1, -1, -1, -1, -1, -1, -1, -1, -1, -1, -1, -1, -1, -1, -1, -1, -1, -1, -1, -1, -1, -1, "Increased stack size", "", "min count", "max count"
"item%", false, -1, -1, -1, -1, -1, -1, -1, -1, -1, -1, -1, -1, -1, -1, -1, -1, -1, -1, -1, -1, -1, -1, -1, -1, -1, -1, -1, -1, "+% Chance of finding item", "item type", "min chance", "max chance"
"dmg-slash", false, -1, -1, -1, -1, -1, -1, -1, -1, -1, -1, -1, -1, -1, -1, -1, -1, -1, -1, -1, -1, -1, -1, -1, -1, -1, -1, -1, -1, "Slashing Damage", "", "min", "max"
"dmg-slash%", false, -1, -1, -1, -1, -1, -1, -1, -1, -1, -1, -1, -1, -1, -1, -1, -1, -1, -1, -1, -1, -1, -1, -1, -1, -1, -1, -1, -1, "Slashing Damage %", "", "min %", "max %"
"dmg-crush", false, -1, -1, -1, -1, -1, -1, -1, -1, -1, -1, -1, -1, -1, -1, -1, -1, -1, -1, -1, -1, -1, -1, -1, -1, -1, -1, -1, -1, "Crush Damage", "", "min", "max"
"dmg-crush%", false, -1, -1, -1, -1, -1, -1, -1, -1, -1, -1, -1, -1, -1, -1, -1, -1, -1, -1, -1, -1, -1, -1, -1, -1, -1, -1, -1, -1, "Crush Damage %", "", "min %", "max %"
"dmg-thrust", false, -1, -1, -1, -1, -1, -1, -1, -1, -1, -1, -1, -1, -1, -1, -1, -1, -1, -1, -1, -1, -1, -1, -1, -1, -1, -1, -1, -1, "Thrust Damage", "", "min", "max"
"dmg-thrust%", false, -1, -1, -1, -1, -1, -1, -1, -1, -1, -1, -1, -1, -1, -1, -1, -1, -1, -1, -1, -1, -1, -1, -1, -1, -1, -1, -1, -1, "Thrust Damage %", "", "min %", "max %"
"abs-slash", false, -1, -1, -1, -1, -1, -1, -1, -1, -1, -1, -1, -1, -1, -1, -1, -1, -1, -1, -1, -1, -1, -1, -1, -1, -1, -1, -1, -1, "Absorb Slashing Damage", "", "min amt", "max amt"
"abs-crush", false, -1, -1, -1, -1, -1, -1, -1, -1, -1, -1, -1, -1, -1, -1, -1, -1, -1, -1, -1, -1, -1, -1, -1, -1, -1, -1, -1, -1, "Absorb Crushing Damage", "", "min amt", "max amt"
"abs-thrust", false, -1, -1, -1, -1, -1, -1, -1, -1, -1, -1, -1, -1, -1, -1, -1, -1, -1, -1, -1, -1, -1, -1, -1, -1, -1, -1, -1, -1, "Absorb Thrusting Damage", "", "min amt", "max amt"
"abs-slash%", false, -1, -1, -1, -1, -1, -1, -1, -1, -1, -1, -1, -1, -1, -1, -1, -1, -1, -1, -1, -1, -1, -1, -1, -1, -1, -1, -1, -1, "Absorb Slashing Damage %", "", "min %", "max %"
"abs-crush%", false, -1, -1, -1, -1, -1, -1, -1, -1, -1, -1, -1, -1, -1, -1, -1, -1, -1, -1, -1, -1, -1, -1, -1, -1, -1, -1, -1, -1, "Absorb Crushing Damage %", "", "min %", "max %"
"abs-thrust%", false, -1, -1, -1, -1, -1, -1, -1, -1, -1, -1, -1, -1, -1, -1, -1, -1, -1, -1, -1, -1, -1, -1, -1, -1, -1, -1, -1, -1, "Absorb Thrusting Damage %", "", "min %", "max %"
"ac/time", true, -1, -1, 18, 268, -1, -1, -1, -1, -1, -1, -1, -1, -1, -1, -1, -1, -1, -1, -1, -1, -1, -1, -1, -1, -1, -1, -1, -1, "AC / time increment (0=day, 1=dusk, 2=night, 3=dawn)", "center period", "min", "max"
"ac%/time", true, -1, -1, 18, 269, -1, -1, -1, -1, -1, -1, -1, -1, -1, -1, -1, -1, -1, -1, -1, -1, -1, -1, -1, -1, -1, -1, -1, -1, "AC% / time increment (8 periods)", "center period", "min", "max"
"hp/time", true, -1, -1, 18, 270, -1, -1, -1, -1, -1, -1, -1, -1, -1, -1, -1, -1, -1, -1, -1, -1, -1, -1, -1, -1, -1, -1, -1, -1, "HP / time increment", "center period", "min", "max"
"mana/time", true, -1, -1, 18, 271, -1, -1, -1, -1, -1, -1, -1, -1, -1, -1, -1, -1, -1, -1, -1, -1, -1, -1, -1, -1, -1, -1, -1, -1, "Mana / time increment", "center period", "min", "max"
"dmg/time", true, -1, -1, 18, 272, -1, -1, -1, -1, -1, -1, -1, -1, -1, -1, -1, -1, -1, -1, -1, -1, -1, -1, -1, -1, -1, -1, -1, -1, "Max Damage / time increment", "center period", "min", "max"
"dmg%/time", true, -1, -1, 18, 273, -1, -1, -1, -1, -1, -1, -1, -1, -1, -1, -1, -1, -1, -1, -1, -1, -1, -1, -1, -1, -1, -1, -1, -1, "Max Damage % / time increment", "center period", "min", "max"
"str/time", true, -1, -1, 18, 274, -1, -1, -1, -1, -1, -1, -1, -1, -1, -1, -1, -1, -1, -1, -1, -1, -1, -1, -1, -1, -1, -1, -1, -1, "Strength / time increment", "center period", "min", "max"
"dex/time", true, -1, -1, 18, 275, -1, -1, -1, -1, -1, -1, -1, -1, -1, -1, -1, -1, -1, -1, -1, -1, -1, -1, -1, -1, -1, -1, -1, -1, "Dexterity / time increment", "center period", "min", "max"
"enr/time", true, -1, -1, 18, 276, -1, -1, -1, -1, -1, -1, -1, -1, -1, -1, -1, -1, -1, -1, -1, -1, -1, -1, -1, -1, -1, -1, -1, -1, "Energy / time increment", "center period", "min", "max"
"vit/time", true, -1, -1, 18, 277, -1, -1, -1, -1, -1, -1, -1, -1, -1, -1, -1, -1, -1, -1, -1, -1, -1, -1, -1, -1, -1, -1, -1, -1, "Vitality / time increment", "center period", "min", "max"
"att/time", true, -1, -1, 18, 278, -1, -1, -1, -1, -1, -1, -1, -1, -1, -1, -1, -1, -1, -1, -1, -1, -1, -1, -1, -1, -1, -1, -1, -1, "To hit / time increment", "center period", "min", "max"
"att%/time", true, -1, -1, 18, 279, -1, -1, -1, -1, -1, -1, -1, -1, -1, -1, -1, -1, -1, -1, -1, -1, -1, -1, -1, -1, -1, -1, -1, -1, "To Hit % / time increment", "center period", "min", "max"
"dmg-cold/time", true, -1, -1, 18, 280, -1, -1, -1, -1, -1, -1, -1, -1, -1, -1, -1, -1, -1, -1, -1, -1, -1, -1, -1, -1, -1, -1, -1, -1, "Cold Damage Max / time inc.", "center period", "min", "max"
"dmg-fire/time", true, -1, -1, 18, 281, -1, -1, -1, -1, -1, -1, -1, -1, -1, -1, -1, -1, -1, -1, -1, -1, -1, -1, -1, -1, -1, -1, -1, -1, "Fire Damage Max / time inc.", "center period", "min", "max"
"dmg-ltng/time", true, -1, -1, 18, 282, -1, -1, -1, -1, -1, -1, -1, -1, -1, -1, -1, -1, -1, -1, -1, -1, -1, -1, -1, -1, -1, -1, -1, -1, "Lightning Damage Max / time inc.", "center period", "min", "max"
"dmg-pois/time", true, -1, -1, 18, 283, -1, -1, -1, -1, -1, -1, -1, -1, -1, -1, -1, -1, -1, -1, -1, -1, -1, -1, -1, -1, -1, -1, -1, -1, "Poison Damage Max / time inc.", "center period", "min", "max"
"res-cold/time", true, -1, -1, 18, 284, -1, -1, -1, -1, -1, -1, -1, -1, -1, -1, -1, -1, -1, -1, -1, -1, -1, -1, -1, -1, -1, -1, -1, -1, "Resist Cold / time inc.", "center period", "min", "max"
"res-fire/time", true, -1, -1, 18, 285, -1, -1, -1, -1, -1, -1, -1, -1, -1, -1, -1, -1, -1, -1, -1, -1, -1, -1, -1, -1, -1, -1, -1, -1, "Resist Fire / time inc.", "center period", "min", "max"
"res-ltng/time", true, -1, -1, 18, 286, -1, -1, -1, -1, -1, -1, -1, -1, -1, -1, -1, -1, -1, -1, -1, -1, -1, -1, -1, -1, -1, -1, -1, -1, "Resist Lightning / time inc", "center period", "min", "max"
"res-pois/time", true, -1, -1, 18, 287, -1, -1, -1, -1, -1, -1, -1, -1, -1, -1, -1, -1, -1, -1, -1, -1, -1, -1, -1, -1, -1, -1, -1, -1, "Resist Poison / time inc", "center period", "min", "max"
"abs-cold/time", true, -1, -1, 18, 288, -1, -1, -1, -1, -1, -1, -1, -1, -1, -1, -1, -1, -1, -1, -1, -1, -1, -1, -1, -1, -1, -1, -1, -1, "Absorb Cold / time inc.", "center period", "min", "max"
"abs-fire/time", true, -1, -1, 18, 289, -1, -1, -1, -1, -1, -1, -1, -1, -1, -1, -1, -1, -1, -1, -1, -1, -1, -1, -1, -1, -1, -1, -1, -1, "Absorb Fire / time inc.", "center period", "min", "max"
"abs-ltng/time", true, -1, -1, 18, 290, -1, -1, -1, -1, -1, -1, -1, -1, -1, -1, -1, -1, -1, -1, -1, -1, -1, -1, -1, -1, -1, -1, -1, -1, "Absorb Lightning / time inc.", "center period", "min", "max"
"abs-pois/time", true, -1, -1, 18, 291, -1, -1, -1, -1, -1, -1, -1, -1, -1, -1, -1, -1, -1, -1, -1, -1, -1, -1, -1, -1, -1, -1, -1, -1, "Absorb Poison / time inc.", "center period", "min", "max"
"gold%/time", true, -1, -1, 18, 292, -1, -1, -1, -1, -1, -1, -1, -1, -1, -1, -1, -1, -1, -1, -1, -1, -1, -1, -1, -1, -1, -1, -1, -1, "Find Gold Amt % / time inc.", "center period", "min", "max"
"mag%/time", true, -1, -1, 18, 293, -1, -1, -1, -1, -1, -1, -1, -1, -1, -1, -1, -1, -1, -1, -1, -1, -1, -1, -1, -1, -1, -1, -1, -1, "Find Magic % / time inc.", "center period", "min", "max"
"regen-stam/time", true, -1, -1, 18, 294, -1, -1, -1, -1, -1, -1, -1, -1, -1, -1, -1, -1, -1, -1, -1, -1, -1, -1, -1, -1, -1, -1, -1, -1, "% / time inc.", "center period", "min", "max"
"stam/time", true, -1, -1, 18, 295, -1, -1, -1, -1, -1, -1, -1, -1, -1, -1, -1, -1, -1, -1, -1, -1, -1, -1, -1, -1, -1, -1, -1, -1, "Stamina / time inc.", "center period", "min", "max"
"dmg-dem/time", true, -1, -1, 18, 296, -1, -1, -1, -1, -1, -1, -1, -1, -1, -1, -1, -1, -1, -1, -1, -1, -1, -1, -1, -1, -1, -1, -1, -1, "Damage to Demons % / time inc.", "center period", "min", "max"
"dmg-und/time", true, -1, -1, 18, 297, -1, -1, -1, -1, -1, -1, -1, -1, -1, -1, -1, -1, -1, -1, -1, -1, -1, -1, -1, -1, -1, -1, -1, -1, "Damage to Undead % / time inc.", "center period", "min", "max"
"att-dem/time", true, -1, -1, 18, 298, -1, -1, -1, -1, -1, -1, -1, -1, -1, -1, -1, -1, -1, -1, -1, -1, -1, -1, -1, -1, -1, -1, -1, -1, "To Hit Demons % / time inc.", "center period", "min", "max"
"att-und/time", true, -1, -1, 18, 299, -1, -1, -1, -1, -1, -1, -1, -1, -1, -1, -1, -1, -1, -1, -1, -1, -1, -1, -1, -1, -1, -1, -1, -1, "To Hit Undead % / time inc.", "center period", "min", "max"
"crush/time", true, -1, -1, 18, 300, -1, -1, -1, -1, -1, -1, -1, -1, -1, -1, -1, -1, -1, -1, -1, -1, -1, -1, -1, -1, -1, -1, -1, -1, "% chance of Crushing Blow / time inc.", "center period", "min", "max"
"wounds/time", true, -1, -1, 18, 301, -1, -1, -1, -1, -1, -1, -1, -1, -1, -1, -1, -1, -1, -1, -1, -1, -1, -1, -1, -1, -1, -1, -1, -1, "+% chance of Open Wounds / time inc.", "center period", "min", "max"
"kick/time", true, -1, -1, 18, 302, -1, -1, -1, -1, -1, -1, -1, -1, -1, -1, -1, -1, -1, -1, -1, -1, -1, -1, -1, -1, -1, -1, -1, -1, "Kick Damage / time inc.", "center period", "min", "max"
"deadly/time", true, -1, -1, 18, 303, -1, -1, -1, -1, -1, -1, -1, -1, -1, -1, -1, -1, -1, -1, -1, -1, -1, -1, -1, -1, -1, -1, -1, -1, "+% chance of Deadly Strike / time inc.", "center period", "min", "max"
"gems%/time", false, -1, -1, -1, -1, -1, -1, -1, -1, -1, -1, -1, -1, -1, -1, -1, -1, -1, -1, -1, -1, -1, -1, -1, -1, -1, -1, -1, -1, "+% chance of finding Gems / time inc.", "center period", "min", "max"
"pierce-fire", true, -1, -1, 1, 333, -1, -1, -1, -1, -1, -1, -1, -1, -1, -1, -1, -1, -1, -1, -1, -1, -1, -1, -1, -1, -1, -1, -1, -1, "Negates % of Enemy Cold Resistance", "", "min", "max"
"pierce-ltng", true, -1, -1, 1, 334, -1, -1, -1, -1, -1, -1, -1, -1, -1, -1, -1, -1, -1, -1, -1, -1, -1, -1, -1, -1, -1, -1, -1, -1, "Negates % of Enemy Fire Resistance", "", "min", "max"
"pierce-cold", true, -1, -1, 1, 335, -1, -1, -1, -1, -1, -1, -1, -1, -1, -1, -1, -1, -1, -1, -1, -1, -1, -1, -1, -1, -1, -1, -1, -1, "Negates % of Enemy Lightning Resistance", "", "min", "max"
"pierce-pois", true, -1, -1, 1, 336, -1, -1, -1, -1, -1, -1, -1, -1, -1, -1, -1, -1, -1, -1, -1, -1, -1, -1, -1, -1, -1, -1, -1, -1, "Negates % of Enemy Poison Resistance", "", "min", "max"
"dmg-mon", false, -1, -1, -1, -1, -1, -1, -1, -1, -1, -1, -1, -1, -1, -1, -1, -1, -1, -1, -1, -1, -1, -1, -1, -1, -1, -1, -1, -1, "Damage vs. specific Monster Type", "monster", "min", "max"
"dmg%-mon", false, -1, -1, -1, -1, -1, -1, -1, -1, -1, -1, -1, -1, -1, -1, -1, -1, -1, -1, -1, -1, -1, -1, -1, -1, -1, -1, -1, -1, "Damage % vs. specific Monster Type", "monster", "min", "max"
"att-mon", false, -1, -1, -1, -1, -1, -1, -1, -1, -1, -1, -1, -1, -1, -1, -1, -1, -1, -1, -1, -1, -1, -1, -1, -1, -1, -1, -1, -1, "To Hit vs. specific Monster Type", "monster", "min", "max"
"att%-mon", false, -1, -1, -1, -1, -1, -1, -1, -1, -1, -1, -1, -1, -1, -1, -1, -1, -1, -1, -1, -1, -1, -1, -1, -1, -1, -1, -1, -1, "To Hit % vs. specific Monster Type", "monster", "min", "max"
"ac-mon", false, -1, -1, -1, -1, -1, -1, -1, -1, -1, -1, -1, -1, -1, -1, -1, -1, -1, -1, -1, -1, -1, -1, -1, -1, -1, -1, -1, -1, "AC vs. specific Monster Type", "monster", "min", "max"
"ac%-mon", false, -1, -1, -1, -1, -1, -1, -1, -1, -1, -1, -1, -1, -1, -1, -1, -1, -1, -1, -1, -1, -1, -1, -1, -1, -1, -1, -1, -1, "AC% vs. specific Monster Type", "monster", "min", "max"
"indestruct", true, -1, -1, 20, -1, -1, -1, -1, -1, -1, -1, -1, -1, -1, -1, -1, -1, -1, -1, -1, -1, -1, -1, -1, -1, -1, -1, -1, -1, "Indestructible", "", "", ""
"charged", true, -1, -1, 19, 204, -1, -1, -1, -1, -1, -1, -1, -1, -1, -1, -1, -1, -1, -1, -1, -1, -1, -1, -1, -1, -1, -1, -1, -1, "Charged Skill", "Skill", "charges", "level"
"extra-fire", true, -1, -1, 1, 329, -1, -1, -1, -1, -1, -1, -1, -1, -1, -1, -1, -1, -1, -1, -1, -1, -1, -1, -1, -1, -1, -1, -1, -1, "", "", "", ""
"extra-ltng", true, -1, -1, 1, 330, -1, -1, -1, -1, -1, -1, -1, -1, -1, -1, -1, -1, -1, -1, -1, -1, -1, -1, -1, -1, -1, -1, -1, -1, "", "", "", ""
"extra-cold", true, -1, -1, 1, 331, -1, -1, -1, -1, -1, -1, -1, -1, -1, -1, -1, -1, -1, -1, -1, -1, -1, -1, -1, -1, -1, -1, -1, -1, "", "", "", ""
"extra-pois", true, -1, -1, 1, 332, -1, -1, -1, -1, -1, -1, -1, -1, -1, -1, -1, -1, -1, -1, -1, -1, -1, -1, -1, -1, -1, -1, -1, -1, "", "", "", ""
"dmg-elem", true, -1, -1, 15, 48, -1, -1, 16, 49, -1, -1, 15, 50, -1, -1, 16, 51, -1, -1, 15, 54, -1, -1, 16, 55, -1, -1, 17, 56, "", "", "", ""
"dmg-elem-min", true, -1, -1, 1, 48, -1, -1, 3, 50, -1, -1, 3, 54, -1, -1, -1, -1, -1, -1, -1, -1, -1, -1, -1, -1, -1, -1, -1, -1, "", "", "", ""
"dmg-elem-max", true, -1, -1, 1, 49, -1, -1, 3, 51, -1, -1, 3, 55, -1, -1, 17, 56, -1, -1, -1, -1, -1, -1, -1, -1, -1, -1, -1, -1, "", "", "", ""
"all-stats", true, -1, -1, 1, 0, -1, -1, 3, 1, -1, -1, 3, 2, -1, -1, 3, 3, -1, -1, -1, -1, -1, -1, -1, -1, -1, -1, -1, -1, "", "", "", ""
"addxp", true, -1, -1, 1, 85, -1, -1, -1, -1, -1, -1, -1, -1, -1, -1, -1, -1, -1, -1, -1, -1, -1, -1, -1, -1, -1, -1, -1, -1, "additional xp gain", "", "", ""
"heal-kill", true, -1, -1, 1, 86, -1, -1, -1, -1, -1, -1, -1, -1, -1, -1, -1, -1, -1, -1, -1, -1, -1, -1, -1, -1, -1, -1, -1, -1, "life gained after each kill", "", "", ""
"cheap", true, -1, -1, 1, 87, -1, -1, -1, -1, -1, -1, -1, -1, -1, -1, -1, -1, -1, -1, -1, -1, -1, -1, -1, -1, -1, -1, -1, -1, "reduces vendor prices", "", "min", "max"
"rip", true, -1, -1, 1, 108, -1, -1, -1, -1, -1, -1, -1, -1, -1, -1, -1, -1, -1, -1, -1, -1, -1, -1, -1, -1, -1, -1, -1, -1, "slain monsters' corpses can't be used", "", "1", "1"
"att-mon%", true, -1, -1, 24, 179, -1, -1, -1, -1, -1, -1, -1, -1, -1, -1, -1, -1, -1, -1, -1, -1, -1, -1, -1, -1, -1, -1, -1, -1, "attack% vs. monster type", "mon type", "min", "max"
"dmg-mon%", true, -1, -1, 24, 180, -1, -1, -1, -1, -1, -1, -1, -1, -1, -1, -1, -1, -1, -1, -1, -1, -1, -1, -1, -1, -1, -1, -1, -1, "damage% vs. monster type", "mon type", "min", "max"
"kill-skill", true, -1, -1, 11, 196, -1, -1, -1, -1, -1, -1, -1, -1, -1, -1, -1, -1, -1, -1, -1, -1, -1, -1, -1, -1, -1, -1, -1, -1, "Proc Skill on killing something", "Skill", "% Chance", "Level"
"death-skill", true, -1, -1, 11, 197, -1, -1, -1, -1, -1, -1, -1, -1, -1, -1, -1, -1, -1, -1, -1, -1, -1, -1, -1, -1, -1, -1, -1, -1, "Proc Skill on getting killed", "Skill", "% Chance", "Level"
"levelup-skill", true, -1, -1, 11, 199, -1, -1, -1, -1, -1, -1, -1, -1, -1, -1, -1, -1, -1, -1, -1, -1, -1, -1, -1, -1, -1, -1, -1, -1, "Proc Skill on level up", "Skill", "% Chance", "Level"
"skill-rand", true, -1, -1, 12, 107, -1, -1, -1, -1, -1, -1, -1, -1, -1, -1, -1, -1, -1, -1, -1, -1, -1, -1, -1, -1, -1, -1, -1, -1, "Bonus to random skill", "Level", "min Skill #", "max Skill #"
"fade", true, -1, -1, 17, 181, -1, -1, -1, -1, -1, -1, -1, -1, -1, -1, -1, -1, -1, -1, -1, -1, -1, -1, -1, -1, -1, -1, -1, -1, "only use on monprop", "fade type", "", ""
"levelreq", true, -1, -1, 1, 92, -1, -1, -1, -1, -1, -1, -1, -1, -1, -1, -1, -1, -1, -1, -1, -1, -1, -1, -1, -1, -1, -1, -1, -1, "", "", "", ""
"ethereal", true, -1, -1, 23, -1, -1, -1, -1, -1, -1, -1, -1, -1, -1, -1, -1, -1, -1, -1, -1, -1, -1, -1, -1, -1, -1, -1, -1, -1, "", "", "", ""
"oskill", true, -1, -1, 22, 97, -1, -1, -1, -1, -1, -1, -1, -1, -1, -1, -1, -1, -1, -1, -1, -1, -1, -1, -1, -1, -1, -1, -1, -1, "", "Skill", "min level", "max level"
"state", true, -1, -1, 24, 98, -1, -1, -1, -1, -1, -1, -1, -1, -1, -1, -1, -1, -1, -1, -1, -1, -1, -1, -1, -1, -1, -1, -1, -1, "", "state", "1", "1"
"randclassskill", true, -1, 3, 36, 83, -1, -1, -1, -1, -1, -1, -1, -1, -1, -1, -1, -1, -1, -1, -1, -1, -1, -1, -1, -1, -1, -1, -1, -1, "", "", "", ""